City_ID,City,Country,Date,Lat,Lng,Max Temp,Humidity,Cloudiness,Wind Speed
0,Kavieng,PG,2022-04-19 17:14:25,-2.5744,150.7967,82.17,74,86,13.42
1,Ushuaia,AR,2022-04-19 17:11:04,-54.8,-68.3,53.22,58,53,7.05
2,Maceio,BR,2022-04-19 17:12:06,-9.6658,-35.7353,87.24,58,75,11.5
3,Suez,EG,2022-04-19 17:12:25,29.9737,32.5263,67.44,54,2,20.62
4,Mount Isa,AU,2022-04-19 17:14:26,-20.7333,139.5,73.17,27,19,12.66
5,Chuy,UY,2022-04-19 17:14:26,-33.6971,-53.4616,76.01,49,0,7.09
6,Nome,US,2022-04-19 17:14:27,64.5011,-165.4064,30.27,55,0,13.8
7,Bredasdorp,ZA,2022-04-19 17:14:27,-34.5322,20.0403,62.53,90,0,8.63
8,Khilok,RU,2022-04-19 17:14:27,51.3674,110.4676,34.68,75,100,11.16
9,Mehamn,NO,2022-04-19 17:14:28,71.0357,27.8492,37.35,87,75,5.75
10,Oriximina,BR,2022-04-19 17:14:28,-1.7656,-55.8661,88.14,61,88,2.19
11,Honiara,SB,2022-04-19 17:10:32,-9.4333,159.95,76.95,86,84,4.0
12,Cape Town,ZA,2022-04-19 17:14:28,-33.9258,18.4232,76.91,45,0,7.0
13,Nicoya,CR,2022-04-19 17:14:29,10.1483,-85.452,92.26,39,100,10.07
14,Wakkanai,JP,2022-04-19 17:14:29,45.4094,141.6739,44.44,74,4,27.94
15,Shimoda,JP,2022-04-19 17:14:29,34.6667,138.95,54.1,81,72,5.53
16,Cassilandia,BR,2022-04-19 17:14:29,-19.1133,-51.7342,86.72,42,0,4.18
17,Port Elizabeth,ZA,2022-04-19 17:14:30,-33.918,25.5701,69.1,86,5,12.82
18,Kirakira,SB,2022-04-19 17:14:30,-10.4544,161.9205,79.72,84,96,5.93
19,Portland,US,2022-04-19 17:11:50,45.5234,-122.6762,46.53,91,100,8.05
20,Punta Arenas,CL,2022-04-19 17:12:16,-53.15,-70.9167,51.91,50,0,11.5
21,Dikson,RU,2022-04-19 17:14:31,73.5069,80.5464,6.4,96,100,7.02
22,Victoria,HK,2022-04-19 17:10:17,22.2855,114.1577,69.33,84,100,4.0
23,Ribeira Grande,PT,2022-04-19 17:14:31,38.5167,-28.7,63.0,63,75,13.8
24,Touros,BR,2022-04-19 17:14:31,-5.1989,-35.4608,86.72,56,80,14.83
25,Butembo,CD,2022-04-19 17:14:32,0.15,29.2833,59.86,96,100,2.48
26,Butaritari,KI,2022-04-19 17:14:32,3.0707,172.7902,81.66,74,32,16.28
27,Ashland,US,2022-04-19 17:13:04,40.8167,-82.2665,40.41,74,98,18.48
28,Georgetown,MY,2022-04-19 17:12:16,5.4112,100.3354,78.73,89,20,3.44
29,Thompson,CA,2022-04-19 17:11:17,55.7435,-97.8558,28.27,75,100,4.68
30,Plouzane,FR,2022-04-19 17:14:33,48.3833,-4.6167,53.65,60,40,13.8
31,Atagay,RU,2022-04-19 17:14:33,55.1033,99.3875,27.41,81,49,3.18
32,New Norfolk,AU,2022-04-19 17:14:33,-42.7826,147.0587,55.89,73,79,1.01
33,Carnarvon,AU,2022-04-19 17:11:09,-24.8667,113.6333,68.07,83,33,8.05
34,Vaini,TO,2022-04-19 17:14:34,-21.2,-175.2,80.13,79,100,15.86
35,Kodiak,US,2022-04-19 17:14:34,57.79,-152.4072,36.91,87,100,9.22
36,Hasaki,JP,2022-04-19 17:14:34,35.7333,140.8333,54.0,62,100,13.04
37,Notre-Dame-Du-Lac,CA,2022-04-19 17:14:35,47.6136,-68.7964,33.87,93,100,18.01
38,Hermanus,ZA,2022-04-19 17:14:35,-34.4187,19.2345,69.8,58,0,10.04
39,Flagstaff,US,2022-04-19 17:14:35,35.1981,-111.6513,64.83,19,40,24.16
40,Olden,NO,2022-04-19 17:14:36,61.8364,6.8064,57.94,77,53,5.3
41,Dingle,PH,2022-04-19 17:14:36,10.9995,122.6711,76.8,88,9,8.28
42,Katsuura,JP,2022-04-19 17:14:36,35.1333,140.3,58.91,67,100,15.08
43,Sao Domingos Do Maranhao,BR,2022-04-19 17:14:36,-5.5758,-44.3853,80.94,87,98,4.81
44,Babushkin,RU,2022-04-19 17:15:37,51.7122,105.8647,30.13,93,100,13.11
45,Hithadhoo,MV,2022-04-19 17:15:37,-0.6,73.0833,83.88,69,92,5.14
46,Cidreira,BR,2022-04-19 17:15:37,-30.1811,-50.2056,72.05,67,1,10.16
47,Barrow,US,2022-04-19 17:15:36,71.2906,-156.7887,-0.38,78,0,9.22
48,Bakchar,RU,2022-04-19 17:15:38,57.0186,82.0711,34.2,78,62,5.17
49,Nikolskoye,RU,2022-04-19 17:15:38,59.7035,30.7861,48.09,87,36,6.15
50,Karratha,AU,2022-04-19 17:15:38,-20.7377,116.8463,79.0,51,10,9.66
51,Rikitea,PF,2022-04-19 17:15:39,-23.1203,-134.9692,77.76,74,5,17.94
52,Aklavik,CA,2022-04-19 17:15:39,68.2191,-135.0107,19.4,45,20,0.0
53,Jamestown,US,2022-04-19 17:13:12,42.097,-79.2353,35.24,74,100,23.02
54,Lagos,NG,2022-04-19 17:14:23,6.5833,3.75,81.84,76,100,5.28
55,Atuona,PF,2022-04-19 17:15:39,-9.8,-139.0333,79.36,73,32,15.48
56,Airai,TL,2022-04-19 17:15:40,-8.9266,125.4092,58.96,80,41,2.37
57,Grajewo,PL,2022-04-19 17:15:40,53.6473,22.4554,38.32,97,100,4.68
58,Kapaa,US,2022-04-19 17:15:40,22.0752,-159.319,72.12,83,100,20.71
59,Bluff,NZ,2022-04-19 17:15:41,-46.6,168.3333,50.81,88,100,8.39
60,Stijena,BA,2022-04-19 17:15:41,44.9353,16.0172,48.63,64,100,4.18
61,Campos Novos,BR,2022-04-19 17:15:41,-27.4017,-51.225,70.2,49,21,2.95
62,Diego De Almagro,CL,2022-04-19 17:15:42,-26.3667,-70.05,75.67,16,5,9.13
63,Boa Vista,BR,2022-04-19 17:15:42,2.8197,-60.6733,91.38,49,75,10.36
64,Alamogordo,US,2022-04-19 17:13:05,32.8995,-105.9603,80.4,37,0,6.91
65,Busselton,AU,2022-04-19 17:15:42,-33.65,115.3333,56.64,89,0,10.07
66,Tuktoyaktuk,CA,2022-04-19 17:15:43,69.4541,-133.0374,10.4,67,0,8.05
67,Mahajanga,MG,2022-04-19 17:15:43,-15.7167,46.3167,82.42,78,20,4.61
68,Leningradskiy,RU,2022-04-19 17:15:43,69.3833,178.4167,14.74,88,100,4.25
69,Ochsenfurt,DE,2022-04-19 17:15:44,49.6643,10.0623,62.04,59,38,10.45
70,Nago,JP,2022-04-19 17:15:44,26.5881,127.9761,66.63,73,91,5.37
71,Salalah,OM,2022-04-19 17:15:44,17.0151,54.0924,82.49,78,0,4.61
72,Gat,IL,2022-04-19 17:15:05,31.61,34.7642,66.81,100,0,8.46
73,Lagoa,PT,2022-04-19 17:15:45,39.05,-27.9833,59.43,67,45,12.39
74,Wattegama,LK,2022-04-19 17:15:45,6.7989,81.4808,76.8,90,97,2.51
75,Inirida,CO,2022-04-19 17:15:45,3.8653,-67.9239,89.31,60,73,2.44
76,Omboue,GA,2022-04-19 17:15:46,-1.5746,9.2618,76.41,93,100,6.67
77,Chifeng,CN,2022-04-19 17:15:46,42.2683,118.9636,57.31,20,0,9.24
78,Hilo,US,2022-04-19 17:15:46,19.7297,-155.09,76.28,87,40,6.91
79,Upernavik,GL,2022-04-19 17:15:46,72.7868,-56.1549,0.41,82,96,8.34
80,Aksarka,RU,2022-04-19 17:15:47,66.5606,67.7975,31.5,88,100,14.38
81,Torbay,CA,2022-04-19 17:15:47,47.6666,-52.7314,38.88,68,20,8.05
82,Bajil,YE,2022-04-19 17:15:47,15.0584,43.2851,90.79,43,31,4.59
83,Saurimo,AO,2022-04-19 17:15:48,-9.6608,20.3916,71.78,82,88,3.58
84,Traverse City,US,2022-04-19 17:14:19,44.7631,-85.6206,39.4,69,75,19.57
85,Saskylakh,RU,2022-04-19 17:15:48,71.9167,114.0833,-6.16,100,82,4.9
86,Aste,IT,2022-04-19 17:15:48,45.7906,11.0961,58.37,60,57,4.99
87,Los Algarrobos,PA,2022-04-19 17:15:49,8.5,-82.4333,79.21,83,20,12.66
88,Puerto Ayora,EC,2022-04-19 17:15:49,-0.7393,-90.3518,78.76,83,59,9.53
89,Narsaq,GL,2022-04-19 17:16:49,60.9167,-46.05,46.62,53,86,7.47
90,Lorengau,PG,2022-04-19 17:16:50,-2.0226,147.2712,81.95,75,76,8.7
91,Okhotsk,RU,2022-04-19 17:16:50,59.3833,143.3,23.45,94,100,12.15
92,Mataura,NZ,2022-04-19 17:16:50,-46.1927,168.8643,50.49,96,96,3.09
93,East London,ZA,2022-04-19 17:12:19,-33.0153,27.9116,69.55,78,84,9.48
94,Chalus,IR,2022-04-19 17:16:51,36.655,51.4204,60.26,82,0,0.0
95,Santa Isabel Do Rio Negro,BR,2022-04-19 17:16:51,-0.4139,-65.0192,85.84,75,78,1.63
96,Talnakh,RU,2022-04-19 17:16:51,69.4865,88.3972,2.21,100,93,3.53
97,Albany,US,2022-04-19 17:15:54,42.6001,-73.9662,41.58,79,97,3.0
98,Panzhihua,CN,2022-04-19 17:16:52,26.5851,101.7128,61.0,87,97,4.09
99,Hokitika,NZ,2022-04-19 17:16:52,-42.7167,170.9667,60.46,78,100,5.12
100,Fairbanks,US,2022-04-19 17:15:02,64.8378,-147.7164,35.94,40,0,10.36
101,Gualaceo,EC,2022-04-19 17:16:52,-2.9,-78.7833,67.66,81,100,1.97
102,Dawlatabad,AF,2022-04-19 17:16:53,36.4141,64.9053,58.05,79,90,3.98
103,Bagenalstown,IE,2022-04-19 17:16:53,52.7003,-6.9618,54.21,72,87,6.93
104,Walvis Bay,NA,2022-04-19 17:16:53,-22.9575,14.5053,72.09,46,69,9.98
105,Cherskiy,RU,2022-04-19 17:16:54,68.75,161.3,10.02,93,45,6.71
106,Asau,RO,2022-04-19 17:16:54,46.4333,26.4,47.32,66,100,2.68
107,Visby,SE,2022-04-19 17:16:54,57.6409,18.296,51.82,53,0,12.66
108,Saint-Philippe,RE,2022-04-19 17:16:55,-21.3585,55.7679,78.39,84,32,6.58
109,Hearst,CA,2022-04-19 17:13:40,49.6835,-83.6665,29.39,85,100,11.59
110,Mahebourg,MU,2022-04-19 17:16:55,-20.4081,57.7,80.26,94,75,8.05
111,Pithiviers,FR,2022-04-19 17:16:55,48.1667,2.25,60.94,65,94,8.95
112,Udachnyy,RU,2022-04-19 17:16:56,66.4167,112.4,12.45,85,100,7.67
113,Faanui,PF,2022-04-19 17:16:56,-16.4833,-151.75,81.1,70,11,6.2
114,Longyearbyen,SJ,2022-04-19 17:16:56,78.2186,15.6401,21.04,79,75,3.44
115,Berlevag,NO,2022-04-19 17:16:56,70.8578,29.0864,37.4,93,75,10.36
116,Ulladulla,AU,2022-04-19 17:16:57,-35.35,150.4667,57.78,84,78,5.68
117,Provideniya,RU,2022-04-19 17:16:57,64.3833,-173.3,27.32,89,100,11.97
118,Telafas,PH,2022-04-19 17:16:57,6.6353,124.975,75.06,94,90,3.87
119,Khatanga,RU,2022-04-19 17:16:58,71.9667,102.5,-12.08,100,79,3.47
120,Castro,BR,2022-04-19 17:16:58,-24.7911,-50.0119,73.36,48,0,3.65
121,Ancud,CL,2022-04-19 17:16:58,-41.8697,-73.8203,51.22,83,99,3.98
122,Yuksekova,TR,2022-04-19 17:16:59,37.5736,44.2872,56.95,44,75,9.22
123,Ust-Omchug,RU,2022-04-19 17:16:59,61.15,149.6333,0.9,98,92,5.03
124,Krasnoselkup,RU,2022-04-19 17:16:59,65.7,82.4667,7.07,95,98,7.09
125,Quatre Cocos,MU,2022-04-19 17:17:00,-20.2078,57.7625,80.1,86,79,7.94
126,Bandundu,CD,2022-04-19 17:17:00,-3.3167,17.3667,78.84,81,100,1.03
127,Ouadda,CF,2022-04-19 17:17:00,8.0777,22.4007,72.59,82,100,1.45
128,Hobart,AU,2022-04-19 17:14:58,-42.8794,147.3294,56.23,79,40,6.91
129,Nhulunbuy,AU,2022-04-19 17:17:01,-12.2333,136.7667,81.21,83,40,9.22
130,Nizhnyaya Omka,RU,2022-04-19 17:17:01,55.4338,74.9426,43.59,66,100,7.38
131,Singaraja,ID,2022-04-19 17:17:01,-8.112,115.0882,79.5,85,100,2.1
132,Usoke,TZ,2022-04-19 17:17:02,-5.1667,32.35,73.47,67,97,3.8
133,Tadine,NC,2022-04-19 17:17:02,-21.55,167.8833,75.24,87,31,8.37
134,Port Alfred,ZA,2022-04-19 17:18:02,-33.5906,26.891,68.18,86,35,4.0
135,Lebu,CL,2022-04-19 17:18:03,-37.6167,-73.65,53.65,92,100,5.21
136,Souris,CA,2022-04-19 17:18:03,49.6172,-100.2612,28.74,79,100,15.88
137,Samarai,PG,2022-04-19 17:18:03,-10.6167,150.6667,79.7,83,100,9.69
138,Guerrero Negro,MX,2022-04-19 17:16:55,27.9769,-114.0611,68.45,64,4,14.0
139,Mushie,CD,2022-04-19 17:18:04,-3.0167,16.9,78.21,83,100,3.67
140,Talara,PE,2022-04-19 17:18:04,-4.5772,-81.2719,83.16,57,0,9.22
141,Acari,PE,2022-04-19 17:18:04,-15.4311,-74.6158,80.01,53,20,10.56
142,Bethel,US,2022-04-19 17:18:05,41.3712,-73.414,46.89,69,100,13.8
143,Chara,RU,2022-04-19 17:18:05,56.9064,118.2631,20.3,82,92,6.02
144,Manoel Urbano,BR,2022-04-19 17:18:05,-8.8389,-69.2597,84.38,60,99,4.16
145,Assiniboia,CA,2022-04-19 17:18:06,49.6334,-105.9845,31.82,59,100,17.27
146,Baykit,RU,2022-04-19 17:18:06,61.67,96.37,23.68,90,100,8.66
147,Muros,ES,2022-04-19 17:17:59,42.7762,-9.0603,58.68,66,12,19.46
148,Koprivstica,RS,2022-04-19 17:18:06,43.2349,22.6205,41.85,59,72,2.17
149,Huarmey,PE,2022-04-19 17:18:07,-10.0681,-78.1522,72.46,74,58,10.31
150,Arman,RU,2022-04-19 17:18:07,59.7,150.1667,19.13,95,99,6.24
151,Zhigalovo,RU,2022-04-19 17:18:07,54.8097,105.1578,23.67,85,55,3.18
152,Port Augusta,AU,2022-04-19 17:18:08,-32.5,137.7667,56.43,72,0,2.24
153,Gravdal,NO,2022-04-19 17:18:08,68.1214,13.5031,55.29,54,0,8.05
154,Garni,AM,2022-04-19 17:18:08,40.1221,44.7312,56.07,32,89,11.41
155,Mitu,CO,2022-04-19 17:18:09,1.1983,-70.1733,83.52,69,90,3.58
156,Port Hedland,AU,2022-04-19 17:18:09,-20.3167,118.5667,80.65,36,5,8.05
157,San Patricio,US,2022-04-19 17:18:09,28.017,-97.5169,75.29,76,94,16.49
158,Sorland,NO,2022-04-19 17:18:09,67.667,12.6934,46.26,90,3,14.74
159,Montebello,US,2022-04-19 17:13:39,34.0095,-118.1053,74.93,55,0,3.44
160,Codrington,AU,2022-04-19 17:18:10,-38.2667,141.9667,50.9,93,35,11.72
161,Cabo San Lucas,MX,2022-04-19 17:15:24,22.8909,-109.9124,88.61,32,0,4.61
162,Ponta Do Sol,PT,2022-04-19 17:18:10,32.6667,-17.1,68.13,50,6,9.78
163,Kropotkin,RU,2022-04-19 17:18:11,45.4375,40.5756,57.81,96,100,5.77
164,Kavaratti,IN,2022-04-19 17:18:11,10.5669,72.642,85.51,75,76,11.45
165,Sola,VU,2022-04-19 17:18:11,-13.8833,167.55,82.81,75,95,12.77
166,Cabinda,AO,2022-04-19 17:18:11,-5.55,12.2,75.54,93,96,15.55
167,Dongkan,CN,2022-04-19 17:18:12,33.9997,119.8308,52.7,79,24,7.27
168,Tasiilaq,GL,2022-04-19 17:18:12,65.6145,-37.6368,37.56,88,100,20.78
169,Kahului,US,2022-04-19 17:18:12,20.8947,-156.47,74.84,79,20,14.97
170,Polczyn-Zdroj,PL,2022-04-19 17:18:13,53.7642,16.0957,49.28,73,100,8.34
171,Nakusp,CA,2022-04-19 17:18:13,50.2499,-117.8023,43.14,87,100,1.14
172,Broken Hill,AU,2022-04-19 17:18:13,-31.95,141.4333,52.68,68,0,8.63
173,Los Llanos De Aridane,ES,2022-04-19 17:18:14,28.6585,-17.9182,64.15,76,75,18.41
174,Saint George,US,2022-04-19 17:15:17,37.1041,-113.5841,75.79,16,0,3.44
175,Amberley,US,2022-04-19 17:18:14,39.2048,-84.428,46.06,59,100,10.36
176,Acarau,BR,2022-04-19 17:18:14,-2.8856,-40.12,83.17,77,95,10.49
177,San Cristobal,VE,2022-04-19 17:18:15,7.7669,-72.225,78.98,37,98,6.53
178,Ostersund,SE,2022-04-19 17:18:15,63.1792,14.6357,59.45,41,0,9.22
179,Avarua,CK,2022-04-19 17:18:15,-21.2078,-159.775,75.25,88,75,2.3
180,Beloha,MG,2022-04-19 17:18:15,-25.1667,45.05,73.49,85,51,12.84
181,Saint-Leu,RE,2022-04-19 17:18:16,-21.15,55.2833,77.86,82,26,0.96
182,Namatanai,PG,2022-04-19 17:18:16,-3.6667,152.4333,79.84,79,75,9.28
183,Sao Filipe,CV,2022-04-19 17:19:16,14.8961,-24.4956,73.74,72,1,14.0
184,Kulhudhuffushi,MV,2022-04-19 17:19:17,6.6221,73.07,85.14,72,85,10.38
185,Avera,US,2022-04-19 17:19:17,33.194,-82.5271,61.92,31,0,9.1
186,Santa Maria,BR,2022-04-19 17:19:17,-29.6842,-53.8069,76.68,53,0,2.01
187,Laguna De Perlas,NI,2022-04-19 17:19:18,12.3429,-83.6712,86.09,62,98,10.07
188,Turukhansk,RU,2022-04-19 17:19:18,65.8167,87.9833,10.29,95,100,9.44
189,Gladstone,AU,2022-04-19 17:19:12,-23.85,151.25,69.78,88,100,4.61
190,Komsomolskiy,UZ,2022-04-19 17:19:18,40.4272,71.7189,70.52,49,79,4.61
191,Umm Lajj,SA,2022-04-19 17:19:19,25.0213,37.2685,77.32,70,83,8.95
192,Chapais,CA,2022-04-19 17:17:46,49.7834,-74.8492,33.58,86,100,13.29
193,Kosa,RU,2022-04-19 17:19:19,59.9445,54.9977,33.21,96,79,2.51
194,Eregli,TR,2022-04-19 17:19:19,37.5133,34.0467,57.09,38,26,7.47
195,Arraial Do Cabo,BR,2022-04-19 17:19:20,-22.9661,-42.0278,78.66,65,20,10.36
196,Mosetse,BW,2022-04-19 17:19:20,-20.75,26.65,64.18,60,23,19.93
197,Tura,IN,2022-04-19 17:19:20,25.5198,90.2201,69.82,93,8,8.86
198,Boda,CF,2022-04-19 17:19:21,4.3189,17.4695,83.88,54,92,2.33
199,Salamiyah,SY,2022-04-19 17:19:21,35.0113,37.0532,56.89,64,12,15.68
200,Lakes Entrance,AU,2022-04-19 17:19:21,-37.8811,147.981,51.17,84,91,12.95
201,Matara,LK,2022-04-19 17:19:22,5.9485,80.5353,79.77,85,100,7.11
202,Amapa,BR,2022-04-19 17:17:28,1.0,-52.0,80.56,90,98,2.84
203,Oksfjord,NO,2022-04-19 17:19:22,70.2396,22.3479,46.47,98,99,7.56
204,Kant,IN,2022-04-19 17:19:22,27.8,79.8,93.79,14,0,10.29
205,Qaanaaq,GL,2022-04-19 17:19:23,77.484,-69.3632,0.86,81,100,6.11
206,Algete,ES,2022-04-19 17:19:23,40.5971,-3.4974,58.66,63,75,16.11
207,Manjeshwar,IN,2022-04-19 17:19:23,12.7194,74.8861,83.35,75,67,6.53
208,Pallasovka,RU,2022-04-19 17:19:24,50.05,46.8833,62.24,49,94,9.13
209,Corridonia,IT,2022-04-19 17:19:24,43.2511,13.5088,59.16,55,91,5.01
210,Kaitangata,NZ,2022-04-19 17:19:24,-46.2817,169.8464,50.58,83,100,3.42
211,Kadi,IN,2022-04-19 17:17:44,23.3,72.3333,87.66,25,96,6.8
212,Yellowknife,CA,2022-04-19 17:17:25,62.456,-114.3525,25.32,36,20,2.3
213,Enshi,CN,2022-04-19 17:19:25,30.3,109.4833,59.23,83,93,1.23
214,Benemerito De Las Americas,MX,2022-04-19 17:19:25,16.5167,-90.6439,92.34,40,4,2.17
215,Srednekolymsk,RU,2022-04-19 17:19:25,67.45,153.6833,4.41,95,33,3.96
216,La Palma,US,2022-04-19 17:19:26,33.8464,-118.0467,74.19,59,75,3.44
217,La Plaine,DM,2022-04-19 17:19:26,15.3333,-61.25,80.89,74,75,5.75
218,Vangaindrano,MG,2022-04-19 17:19:26,-23.35,47.6,74.17,84,9,2.95
219,Villazon,BO,2022-04-19 17:19:27,-22.0866,-65.5942,63.81,9,53,7.11
220,Magadan,RU,2022-04-19 17:19:27,59.5667,150.8,19.36,94,97,7.14
221,Catemaco,MX,2022-04-19 17:19:27,18.4167,-95.1167,86.63,49,32,3.04
222,Paamiut,GL,2022-04-19 17:19:27,61.994,-49.6678,22.15,64,6,37.33
223,Karatu,TZ,2022-04-19 17:19:28,-3.3333,35.6667,65.68,78,89,3.4
224,Tuskegee,US,2022-04-19 17:19:28,32.424,-85.6916,61.25,44,0,7.0
225,Luwuk,ID,2022-04-19 17:19:28,-0.9516,122.7875,78.06,90,99,0.87
226,Matadi,CD,2022-04-19 17:19:29,-5.8167,13.45,79.23,89,91,7.2
227,Beitbridge,ZW,2022-04-19 17:19:29,-22.2167,30.0,65.91,70,50,16.35
228,Kungurtug,RU,2022-04-19 17:19:29,50.5994,97.5228,35.82,96,100,5.48
229,Toppenish,US,2022-04-19 17:20:30,46.3774,-120.3087,50.83,56,31,7.14
230,Klaksvik,FO,2022-04-19 17:20:30,62.2266,-6.589,47.32,78,21,16.46
231,Liuli,TZ,2022-04-19 17:20:30,-11.0833,34.6333,76.53,80,34,6.33
232,Mahon,ES,2022-04-19 17:20:31,39.8885,4.2658,64.96,52,0,11.5
233,Sao Joao Da Barra,BR,2022-04-19 17:20:31,-21.6403,-41.0511,80.69,69,23,9.82
234,Marzuq,YE,2022-04-19 17:20:31,14.4,46.4667,75.04,41,5,7.38
235,Souillac,MU,2022-04-19 17:20:32,-20.5167,57.5167,79.18,94,75,8.05
236,Sile,TR,2022-04-19 17:20:32,41.1754,29.6133,48.56,68,100,1.01
237,Lompoc,US,2022-04-19 17:20:32,34.6391,-120.4579,72.01,70,0,15.01
238,Rio Pardo De Minas,BR,2022-04-19 17:20:33,-15.6097,-42.5397,77.95,52,88,5.14
239,Kassala,SD,2022-04-19 17:20:33,15.451,36.4,100.87,16,76,7.67
240,Jatai,BR,2022-04-19 17:20:33,-17.8814,-51.7144,84.16,43,2,5.12
241,Severo-Kurilsk,RU,2022-04-19 17:20:34,50.6789,156.125,30.36,85,68,14.09
242,Thaba Nchu,ZA,2022-04-19 17:20:34,-29.2093,26.839,58.33,55,1,5.75
243,Paramonga,PE,2022-04-19 17:20:34,-10.6667,-77.8333,71.85,74,37,10.76
244,Port Blair,IN,2022-04-19 17:20:35,11.6667,92.75,84.24,74,75,2.3
245,San Andres,CO,2022-04-19 17:19:12,12.5847,-81.7006,84.22,70,75,6.91
246,Ilulissat,GL,2022-04-19 17:20:35,69.2167,-51.1,8.62,66,75,13.8
247,Broome,US,2022-04-19 17:20:35,42.2506,-75.833,38.89,73,100,13.8
248,Nara,JP,2022-04-19 17:20:09,34.6851,135.8049,55.71,32,2,2.33
249,Ostrovnoy,RU,2022-04-19 17:20:36,68.0531,39.5131,31.89,92,100,11.5
250,Puri,IN,2022-04-19 17:20:36,19.8,85.85,82.92,89,7,21.09
251,Kalabo,ZM,2022-04-19 17:20:36,-14.97,22.6814,73.35,69,40,3.89
252,Shenzhen,CN,2022-04-19 17:20:37,22.5455,114.0683,69.22,92,100,3.2
253,Arlit,NE,2022-04-19 17:20:37,18.7369,7.3853,97.97,8,16,2.89
254,Ahipara,NZ,2022-04-19 17:20:37,-35.1667,173.1667,68.22,89,45,12.53
255,Nemuro,JP,2022-04-19 17:20:37,43.3236,145.575,37.54,85,0,8.05
256,Christchurch,NZ,2022-04-19 17:20:05,-43.5333,172.6333,55.94,93,75,3.44
257,Lethem,GY,2022-04-19 17:20:38,3.3803,-59.7968,96.71,35,64,7.29
258,Banjar,ID,2022-04-19 17:20:38,-8.19,114.9675,78.08,92,100,2.51
259,Pevek,RU,2022-04-19 17:20:38,69.7008,170.3133,5.32,93,28,5.97
260,Boguchany,RU,2022-04-19 17:20:39,58.3814,97.4531,28.72,91,100,9.75
261,Havoysund,NO,2022-04-19 17:20:39,70.9963,24.6622,39.43,96,99,9.53
262,Kamen-Rybolov,RU,2022-04-19 17:20:39,44.7481,132.0403,44.04,78,4,21.07
263,Virginia Beach,US,2022-04-19 17:16:17,36.8529,-75.978,56.05,45,22,5.01
264,Narasannapeta,IN,2022-04-19 17:20:40,18.4167,84.05,81.28,88,19,12.82
265,Tucurui,BR,2022-04-19 17:20:40,-3.7661,-49.6725,80.74,79,100,2.91
266,Nanortalik,GL,2022-04-19 17:20:40,60.1432,-45.2371,33.71,60,83,26.33
267,Broken Arrow,US,2022-04-19 17:20:41,36.0526,-95.7908,63.79,28,0,19.57
268,Chilca,PE,2022-04-19 17:20:41,-12.5211,-76.7372,69.35,78,14,5.41
269,Osa,RU,2022-04-19 17:20:41,57.2829,55.4567,40.28,82,100,1.21
270,Basmat,IN,2022-04-19 17:20:41,19.3167,77.1667,94.06,13,13,6.82
271,Marsh Harbour,BS,2022-04-19 17:20:42,26.5412,-77.0636,76.8,70,0,17.54
272,Kailua,US,2022-04-19 17:20:42,21.4022,-157.7394,73.65,83,50,5.99
273,Kampong Thum,KH,2022-04-19 17:20:42,12.7111,104.8887,83.82,55,98,4.85
274,Vytegra,RU,2022-04-19 17:20:43,61.0064,36.4481,32.54,98,32,1.52
275,Lata,PT,2022-04-19 17:21:43,40.1629,-8.3327,59.92,65,22,18.05
276,Dhidhdhoo,MV,2022-04-19 17:21:43,6.8833,73.1,85.28,71,86,11.18
277,Araouane,ML,2022-04-19 17:21:44,18.9048,-3.5265,93.47,5,4,6.78
278,Inuvik,CA,2022-04-19 17:21:44,68.3499,-133.7218,27.46,31,20,4.61
279,Kathu,TH,2022-04-19 17:21:44,7.9178,98.3332,86.76,67,100,10.02
280,Labuhan,ID,2022-04-19 17:21:44,-6.8844,112.2051,76.57,92,100,7.14
281,Norman Wells,CA,2022-04-19 17:21:45,65.282,-126.8329,23.04,36,0,13.8
282,Nabire,ID,2022-04-19 17:21:45,-3.3667,135.4833,76.5,92,100,3.02
283,Dali,CN,2022-04-19 17:21:45,25.7,100.1833,57.13,67,80,5.66
284,Matagami,CA,2022-04-19 17:21:46,49.7502,-77.6328,32.11,100,100,8.05
285,Wodonga,AU,2022-04-19 17:20:36,-36.1167,146.8833,53.6,100,100,9.22
286,Kayerkan,RU,2022-04-19 17:21:46,69.3497,87.7602,1.53,91,99,3.15
287,Nipawin,CA,2022-04-19 17:21:46,53.3668,-104.0009,35.64,60,0,13.8
288,Carbonia,IT,2022-04-19 17:21:47,39.1672,8.5222,70.75,53,18,2.01
289,Hibbing,US,2022-04-19 17:19:47,47.4272,-92.9377,36.57,44,0,6.91
290,Aginskoye,RU,2022-04-19 17:21:47,51.1,114.53,41.94,53,100,17.83
291,Thinadhoo,MV,2022-04-19 17:21:47,0.5333,72.9333,84.18,66,33,5.23
292,Dagda,LV,2022-04-19 17:21:48,56.0951,27.5372,48.56,58,92,9.84
293,San Borja,BO,2022-04-19 17:21:01,-14.8167,-66.85,87.35,42,17,2.77
294,Kautokeino,NO,2022-04-19 17:18:50,69.0125,23.0412,37.31,92,100,6.29
295,Longhua,CN,2022-04-19 17:21:48,23.6137,114.1919,63.34,89,100,1.41
296,Beidao,CN,2022-04-19 17:21:49,34.5686,105.8933,50.25,72,50,4.29
297,Maragogi,BR,2022-04-19 17:21:49,-9.0122,-35.2225,83.39,70,100,9.31
298,Temirtau,KZ,2022-04-19 17:21:49,50.0544,72.9483,49.26,52,93,4.25
299,Saint-Francois,FR,2022-04-19 17:21:49,46.4154,3.9054,65.64,39,0,8.05
300,Port Lincoln,AU,2022-04-19 17:21:50,-34.7333,135.8667,62.06,85,43,11.36
301,Lubango,AO,2022-04-19 17:21:50,-14.9172,13.4925,66.07,78,95,4.81
302,Jalingo,NG,2022-04-19 17:21:50,8.8833,11.3667,92.89,40,73,3.85
303,San Carlos De Bariloche,AR,2022-04-19 17:19:50,-41.1456,-71.3082,53.35,50,40,23.02
304,Ayia Galini,GR,2022-04-19 17:21:51,35.1,24.6833,58.75,61,43,8.99
305,San Javier,ES,2022-04-19 17:21:51,37.8063,-0.8374,67.57,73,20,8.05
306,Salme,NP,2022-04-19 17:21:52,28.0369,85.0942,59.29,55,96,5.61
307,Luderitz,NA,2022-04-19 17:21:52,-26.6481,15.1594,75.92,40,1,6.58
308,Takoradi,GH,2022-04-19 17:21:52,4.8845,-1.7554,84.33,73,55,9.64
309,Bambanglipuro,ID,2022-04-19 17:21:52,-7.95,110.2833,75.79,89,100,5.17
310,Warner Robins,US,2022-04-19 17:17:51,32.621,-83.5999,63.14,37,0,10.36
311,Dong Hoi,VN,2022-04-19 17:21:53,17.4833,106.6,69.57,87,100,7.56
312,Te Anau,NZ,2022-04-19 17:21:53,-45.4167,167.7167,49.82,84,100,1.19
313,Dudinka,RU,2022-04-19 17:21:53,69.4058,86.1778,2.62,100,92,3.74
314,Itarema,BR,2022-04-19 17:21:54,-2.9248,-39.9167,83.19,78,93,10.76
315,Mount Gambier,AU,2022-04-19 17:21:54,-37.8333,140.7667,55.31,94,75,10.36
316,Ishigaki,JP,2022-04-19 17:21:54,24.3448,124.1572,68.13,77,100,6.91
317,Dayong,CN,2022-04-19 17:21:55,25.0209,118.2898,61.34,89,100,1.16
318,Howard Springs,AU,2022-04-19 17:21:55,-12.497,131.047,82.31,95,71,5.06
319,Zabid,YE,2022-04-19 17:21:55,14.1951,43.3152,87.08,58,32,4.83
320,San Miguel,SV,2022-04-19 17:21:56,13.4833,-88.1833,89.08,19,22,4.07
321,Sobolevo,RU,2022-04-19 17:21:56,54.4299,31.8996,48.78,81,100,15.1
322,Prosperous,IE,2022-04-19 17:21:56,53.2903,-6.7539,54.1,77,99,3.85
323,Muborak,UZ,2022-04-19 17:22:57,39.2553,65.1528,60.37,83,100,9.55
324,Hualmay,PE,2022-04-19 17:22:57,-11.0964,-77.6139,72.14,72,17,10.85
325,Barkhan,PK,2022-04-19 17:22:57,29.8977,69.5256,76.68,28,33,12.37
326,Borogontsy,RU,2022-04-19 17:22:58,62.6683,131.1683,17.78,99,100,3.67
327,Piedras,CO,2022-04-19 17:22:58,4.5383,-74.8818,72.7,94,100,1.68
328,Sambava,MG,2022-04-19 17:22:58,-14.2667,50.1667,79.23,82,3,11.56
329,Krechevitsy,RU,2022-04-19 17:22:59,58.617,31.401,44.94,76,92,7.25
330,Lingao,CN,2022-04-19 17:22:59,19.9103,109.6859,70.66,89,100,10.71
331,Petauke,ZM,2022-04-19 17:22:59,-14.2426,31.3253,68.11,82,93,6.49
332,Zambezi,ZM,2022-04-19 17:23:00,-13.5432,23.1047,71.37,75,100,5.59
333,Caravelas,BR,2022-04-19 17:23:00,-17.7125,-39.2481,81.01,55,19,9.51
334,Kochetok,UA,2022-04-19 17:23:01,49.8801,36.7372,52.5,87,97,7.94
335,Ust-Tsilma,RU,2022-04-19 17:23:01,65.441,52.1498,34.59,99,100,7.27
336,Dafeng,CN,2022-04-19 17:23:02,23.4517,108.5881,63.5,74,66,1.72
337,Isoka,ZM,2022-04-19 17:23:02,-10.1606,32.6335,64.09,95,75,1.39
338,Haines Junction,CA,2022-04-19 17:23:03,60.7522,-137.5108,26.55,39,99,1.14
339,Podor,MR,2022-04-19 17:23:03,16.6527,-14.9587,109.35,20,0,2.3
340,Felanitx,ES,2022-04-19 17:23:04,39.4696,3.1483,72.12,66,20,9.64
341,Lazaro Cardenas,MX,2022-04-19 17:23:04,17.9583,-102.2,83.68,52,4,6.44
342,Rawson,AR,2022-04-19 17:23:05,-43.3002,-65.1023,67.66,39,97,4.72
343,Khovu-Aksy,RU,2022-04-19 17:23:05,51.1333,93.6,29.48,72,100,9.71
344,Bambous Virieux,MU,2022-04-19 17:23:06,-20.3428,57.7575,80.22,94,75,8.05
345,Bengkulu,ID,2022-04-19 17:23:06,-3.8004,102.2655,78.26,88,100,4.23
346,Tateyama,JP,2022-04-19 17:23:07,34.9833,139.8667,56.1,69,100,13.8
347,Biberach,DE,2022-04-19 17:23:07,48.0934,9.7905,58.19,72,61,7.87
348,Flinders,AU,2022-04-19 17:19:13,-34.5833,150.8552,62.19,76,57,10.0
349,Sangar,RU,2022-04-19 17:23:08,63.9242,127.4739,23.02,95,100,8.77
350,Saint Anthony,US,2022-04-19 17:23:08,45.0205,-93.218,44.26,46,0,10.36
351,Cotonou,BJ,2022-04-19 17:19:57,6.3654,2.4183,85.98,70,20,8.05
352,Arawa,PG,2022-04-19 17:23:09,-6.2132,155.5367,76.32,90,100,2.53
353,Khromtau,KZ,2022-04-19 17:23:09,50.2503,58.4347,57.87,52,51,3.15
354,Dickinson,US,2022-04-19 17:23:10,29.4608,-95.0513,76.98,66,75,23.02
355,Ambovombe,MG,2022-04-19 17:23:10,-25.1667,46.0833,74.52,85,10,14.85
356,Tarko-Sale,RU,2022-04-19 17:23:11,64.9225,77.785,15.06,89,100,5.55
357,Kamenka,RU,2022-04-19 17:23:11,51.3223,42.7678,57.76,71,100,10.16
358,Calderitas,MX,2022-04-19 17:23:12,18.55,-88.25,89.71,48,40,11.5
359,Zhezkazgan,KZ,2022-04-19 17:23:12,47.8043,67.7144,55.9,42,100,9.91
360,Mporokoso,ZM,2022-04-19 17:23:13,-9.3727,30.125,62.87,90,72,5.28
361,San Juan Del Sur,NI,2022-04-19 17:23:13,11.2529,-85.8705,86.22,62,40,4.61
362,Meulaboh,ID,2022-04-19 17:23:14,4.1363,96.1285,75.29,96,100,5.99
363,Ketchikan,US,2022-04-19 17:23:14,55.3422,-131.6461,45.07,76,100,4.61
364,Oktyabrskiy,RU,2022-04-19 17:23:14,54.4815,53.471,53.04,82,100,3.0
365,Narodychi,UA,2022-04-19 17:23:15,51.2029,29.0823,41.79,77,100,10.29
366,Tiarei,PF,2022-04-19 17:23:15,-17.5333,-149.3333,77.02,73,13,3.69
367,Wenatchee,US,2022-04-19 17:22:16,47.4235,-120.3103,51.26,55,0,5.01
368,Eureka,US,2022-04-19 17:23:16,40.8021,-124.1637,50.61,67,100,5.99
369,Arenapolis,BR,2022-04-19 17:23:16,-14.4503,-56.8461,89.8,47,24,2.75
370,Bonoua,CI,2022-04-19 17:23:17,5.2741,-3.595,83.82,76,99,7.74
371,Sur,OM,2022-04-19 17:23:17,22.5667,59.5289,81.63,74,0,3.8
372,Canto Do Buriti,BR,2022-04-19 17:23:18,-8.11,-42.9444,89.82,45,64,7.31
373,Hovd,MN,2022-04-19 17:24:18,48.0056,91.6419,47.73,46,61,7.02
374,Svetlogorsk,BY,2022-04-19 17:24:18,52.6333,29.7333,41.29,99,100,9.91
375,Dongsheng,CN,2022-04-19 17:24:19,39.8161,109.9776,48.11,26,0,10.33
376,Tessalit,ML,2022-04-19 17:24:19,20.1986,1.0114,96.46,5,5,8.34
377,Bubaque,GW,2022-04-19 17:24:19,11.2833,-15.8333,77.32,71,15,11.97
378,Redondela,ES,2022-04-19 17:24:19,42.2834,-8.6096,59.25,51,75,11.5
379,Yichun,CN,2022-04-19 17:24:20,47.7,128.9,59.92,23,77,14.03
380,Sussex,US,2022-04-19 17:23:53,41.1834,-74.6663,45.59,64,100,10.36
381,Puerto Escondido,MX,2022-04-19 17:24:20,15.85,-97.0667,86.83,70,0,9.22
382,Tiksi,RU,2022-04-19 17:24:21,71.6872,128.8694,-1.25,100,97,4.0
383,Belgrade,RS,2022-04-19 17:24:21,44.804,20.4651,53.33,34,0,1.99
384,Adrar,MR,2022-04-19 17:24:21,20.5022,-10.0711,96.21,8,47,7.36
385,Xiamen,CN,2022-04-19 17:24:21,24.4798,118.0819,64.45,72,75,4.47
386,Askarovo,RU,2022-04-19 17:24:22,53.3372,58.5089,49.15,66,94,6.71
387,Kuusankoski,FI,2022-04-19 17:24:22,60.907,26.6244,51.42,61,0,5.75
388,Ornskoldsvik,SE,2022-04-19 17:24:22,63.2909,18.7153,47.35,61,64,3.44
389,Chapleau,CA,2022-04-19 17:24:23,47.8405,-83.4034,32.09,80,100,11.5
390,Jalu,LY,2022-04-19 17:24:23,29.0331,21.5482,70.81,27,1,12.1
391,Fortuna,US,2022-04-19 17:24:23,40.5982,-124.1573,51.66,94,75,10.36
392,Pyay,MM,2022-04-19 17:24:24,18.8167,95.2167,81.81,69,24,6.26
393,Hambantota,LK,2022-04-19 17:24:24,6.1241,81.1185,80.76,82,100,11.3
394,Lianran,CN,2022-04-19 17:24:24,24.9227,102.485,52.34,94,35,4.05
395,Chitral,PK,2022-04-19 17:24:25,35.8462,71.7858,60.58,66,23,4.36
396,Grants,US,2022-04-19 17:24:25,35.1473,-107.8514,68.23,13,0,17.27
397,Bolitoc,PH,2022-04-19 17:24:25,15.7395,119.8769,78.91,78,35,4.54
398,Russkaya Polyana,UA,2022-04-19 17:24:26,49.417,31.9201,42.89,79,99,3.91
399,Hobyo,SO,2022-04-19 17:24:26,5.3505,48.5268,83.37,74,4,14.05
400,Pisco,PE,2022-04-19 17:24:26,-13.7,-76.2167,69.85,78,0,12.66
401,Alcaniz,ES,2022-04-19 17:24:27,41.05,-0.1333,51.4,83,100,12.03
402,Naze,JP,2022-04-19 17:24:27,28.3667,129.4833,63.52,63,99,5.88
403,Linxia,CN,2022-04-19 17:24:27,35.6003,103.2064,42.98,38,0,2.57
404,Luba,GQ,2022-04-19 17:24:28,3.4568,8.5547,81.91,70,100,5.73
405,Kruisfontein,ZA,2022-04-19 17:24:28,-34.0033,24.7314,66.88,87,4,11.52
406,Shumikha,RU,2022-04-19 17:24:28,55.2261,63.2961,42.58,88,98,5.59
407,Yulara,AU,2022-04-19 17:24:29,-25.2406,130.9889,58.84,36,98,6.91
408,Baruun-Urt,MN,2022-04-19 17:24:29,46.6806,113.2792,52.95,24,64,11.95
409,Clyde River,CA,2022-04-19 17:24:29,70.4692,-68.5914,-7.37,71,75,8.05
410,Murupara,NZ,2022-04-19 17:24:30,-38.4667,176.7,61.41,96,94,1.92
411,Lakselv,NO,2022-04-19 17:24:30,70.0513,24.9718,40.82,81,20,8.05
412,Blackwater,AU,2022-04-19 17:24:30,-23.5833,148.8833,66.47,83,38,7.56
413,Vao,NC,2022-04-19 17:24:30,-22.6667,167.4833,75.13,71,0,5.03
414,Alugan,PH,2022-04-19 17:23:21,12.2188,125.4808,80.69,76,39,8.57
415,Kardla,EE,2022-04-19 17:24:31,58.9978,22.7492,43.68,75,41,16.28
416,Ayyampettai,IN,2022-04-19 17:24:31,10.9014,79.1798,86.13,68,18,7.78
417,Narayangarh,IN,2022-04-19 17:24:31,30.4833,77.1333,85.46,20,28,8.12
418,Fort Nelson,CA,2022-04-19 17:23:50,58.8053,-122.7002,22.59,39,75,3.44
419,Aransas Pass,US,2022-04-19 17:24:57,27.9095,-97.15,75.24,89,75,18.41
420,Prince Rupert,CA,2022-04-19 17:23:37,54.3161,-130.3201,50.09,46,75,11.5
421,Hervey Bay,AU,2022-04-19 17:25:32,-25.2986,152.8535,68.02,87,0,8.99
422,Richards Bay,ZA,2022-04-19 17:25:32,-28.783,32.0377,65.79,76,0,4.16
423,Mar Del Plata,AR,2022-04-19 17:24:40,-38.0023,-57.5575,69.82,78,40,8.05
424,Beira,MZ,2022-04-19 17:25:33,-19.8436,34.8389,71.69,88,40,9.22
425,Viedma,AR,2022-04-19 17:25:33,-40.8135,-62.9967,75.6,25,52,15.5
426,Lasa,IT,2022-04-19 17:25:33,46.6166,10.7002,58.08,76,33,6.8
427,Carutapera,BR,2022-04-19 17:25:34,-1.195,-46.02,84.69,70,99,4.61
428,Niquelandia,BR,2022-04-19 17:25:34,-14.4739,-48.4597,87.31,41,52,5.84
429,Kyzyl-Suu,KG,2022-04-19 17:25:34,42.3414,78.0056,53.15,59,100,3.22
430,Lumphat,KH,2022-04-19 17:25:34,13.4878,106.9816,78.33,64,94,7.94
431,Pozo Colorado,PY,2022-04-19 17:25:35,-23.4923,-58.7972,90.81,23,0,7.2
432,Mega,ET,2022-04-19 17:25:35,4.05,38.3,64.67,77,98,8.25
433,Payo,ID,2022-04-19 17:25:35,-3.7508,103.6372,72.79,99,100,1.19
434,Agogo,GH,2022-04-19 17:25:36,6.8,-1.0819,86.2,50,96,6.89
435,Aberdeen,GB,2022-04-19 17:23:44,57.1437,-2.0981,55.54,63,45,10.36
436,Antsohihy,MG,2022-04-19 17:25:36,-14.8796,47.9875,79.02,78,62,2.15
437,Mugur-Aksy,RU,2022-04-19 17:25:36,50.35,90.5,27.05,87,93,8.52
438,Barguzin,RU,2022-04-19 17:25:37,53.6167,109.6167,26.26,88,37,5.44
439,Itoman,JP,2022-04-19 17:25:37,26.1247,127.6694,68.02,66,75,6.91
440,Iquique,CL,2022-04-19 17:25:37,-20.2208,-70.1431,69.84,66,7,8.3
441,Chokurdakh,RU,2022-04-19 17:25:38,70.6333,147.9167,2.53,97,56,5.53
442,Morrope,PE,2022-04-19 17:25:38,-6.5417,-80.0111,82.51,60,89,10.2
443,Kupang,ID,2022-04-19 17:25:38,-10.1667,123.5833,77.32,88,78,4.36
444,Abu Dhabi,AE,2022-04-19 17:20:41,24.4667,54.3667,78.82,62,0,4.61
445,Chernyshevskiy,RU,2022-04-19 17:25:39,63.0128,112.4714,10.36,93,100,5.21
446,Tuatapere,NZ,2022-04-19 17:25:39,-46.1333,167.6833,52.34,89,100,5.12
447,Hamilton,US,2022-04-19 17:25:39,39.1834,-84.5333,46.6,59,100,11.5
448,Bata,GQ,2022-04-19 17:25:40,1.8639,9.7658,79.03,83,100,2.8
449,Husavik,IS,2022-04-19 17:25:40,66.0449,-17.3389,33.71,92,100,3.83
450,Atar,MR,2022-04-19 17:24:25,20.5169,-13.0499,100.65,9,99,14.29
451,Ghanzi,BW,2022-04-19 17:25:40,-21.5667,21.7833,69.08,34,0,8.01
452,Neuquen,AR,2022-04-19 17:25:40,-38.9516,-68.0591,64.29,48,0,4.61
453,Lavrentiya,RU,2022-04-19 17:25:41,65.5833,-171.0,18.36,94,46,7.61
454,Minggang,CN,2022-04-19 17:25:41,32.4586,114.0486,59.14,55,52,5.03
455,Pamyat Parizhskoy Kommuny,RU,2022-04-19 17:25:41,56.1048,44.4952,42.75,98,100,8.84
456,Guanare,VE,2022-04-19 17:25:42,9.0418,-69.7421,77.02,88,95,9.22
457,Laguna,US,2022-04-19 17:25:42,38.421,-121.4238,59.29,76,0,5.75
458,Yinchuan,CN,2022-04-19 17:25:42,38.4681,106.2731,55.45,14,0,8.9
459,Beatrice,US,2022-04-19 17:25:43,40.2681,-96.747,50.18,34,100,17.27
460,Pacifica,US,2022-04-19 17:24:05,37.6138,-122.4869,60.71,86,75,6.91
461,Iracoubo,GF,2022-04-19 17:25:43,5.4802,-53.2011,78.73,90,98,10.83
462,Basoko,CD,2022-04-19 17:25:43,1.2391,23.616,79.97,74,95,4.0
463,Verkhoyansk,RU,2022-04-19 17:25:44,67.5447,133.385,16.99,96,100,2.26
464,Vila Franca Do Campo,PT,2022-04-19 17:25:44,37.7167,-25.4333,63.01,63,76,12.91
465,Zhelyabovka,UA,2022-04-19 17:25:44,45.3988,34.7578,48.09,87,100,5.32
466,Tabou,CI,2022-04-19 17:26:45,4.423,-7.3528,83.23,73,95,7.11
467,Monrovia,LR,2022-04-19 17:26:11,6.3005,-10.7969,85.77,72,87,7.34
468,Bereda,ES,2022-04-19 17:26:45,43.2686,-7.5406,50.41,75,92,6.33
469,Iqaluit,CA,2022-04-19 17:26:45,63.7506,-68.5145,10.13,72,100,18.41
470,Huai Thalaeng,TH,2022-04-19 17:26:45,14.997,102.6475,80.49,60,39,7.27
471,Minab,IR,2022-04-19 17:26:46,27.1467,57.0801,75.52,69,0,0.0
472,Pimentel,PE,2022-04-19 17:26:46,-6.8367,-79.9342,82.69,51,0,4.61
473,Blyth,GB,2022-04-19 17:26:46,55.1271,-1.5086,54.09,70,0,8.05
474,Guilin,CN,2022-04-19 17:26:47,25.2819,110.2864,59.11,79,51,2.95
475,Rio Gallegos,AR,2022-04-19 17:26:47,-51.6226,-69.2181,59.05,29,40,23.02
476,Pryozerne,UA,2022-04-19 17:26:47,45.2698,36.3303,47.53,84,100,3.53
477,Cayenne,GF,2022-04-19 17:26:48,4.9333,-52.3333,75.24,1,75,3.44
478,Oga,IT,2022-04-19 17:26:48,46.4631,10.347,50.68,78,25,6.71
479,Mackay,AU,2022-04-19 17:23:53,-21.15,149.2,68.68,94,92,6.91
480,Puerto Madryn,AR,2022-04-19 17:26:48,-42.7692,-65.0385,68.14,43,100,5.53
481,Bandarbeyla,SO,2022-04-19 17:26:49,9.4942,50.8122,81.75,73,4,10.85
482,Darnah,LY,2022-04-19 17:26:49,32.767,22.6367,58.89,74,3,17.47
483,Grand Gaube,MU,2022-04-19 17:26:49,-20.0064,57.6608,80.38,88,62,3.0
484,Zhigansk,RU,2022-04-19 17:26:50,66.7697,123.3711,18.68,100,99,8.66
485,Anito,PH,2022-04-19 17:26:50,12.4497,125.2886,78.78,81,54,6.93
486,Palana,RU,2022-04-19 17:26:50,59.1167,159.9667,14.81,94,100,7.92
487,Deputatskiy,RU,2022-04-19 17:26:51,69.3,139.9,2.62,100,99,1.43
488,Clovis,US,2022-04-19 17:26:30,36.8252,-119.7029,69.04,51,75,13.8
489,Buta,CD,2022-04-19 17:26:51,2.7858,24.73,73.24,97,99,0.72
490,Beberon,PH,2022-04-19 17:26:51,13.5444,123.1405,75.76,88,87,4.47
491,Yar-Sale,RU,2022-04-19 17:26:52,66.8333,70.8333,26.78,97,99,10.98
492,Buin,CL,2022-04-19 17:26:52,-33.7333,-70.75,71.87,32,100,5.06
493,Andra,RU,2022-04-19 17:26:52,62.5147,65.8878,32.99,92,100,7.38
494,Albemarle,US,2022-04-19 17:26:22,35.3501,-80.2001,57.76,36,0,8.05
495,Kozhva,RU,2022-04-19 17:26:53,65.1073,57.0459,33.4,98,100,8.41
496,Russell,US,2022-04-19 17:26:00,32.3502,-85.1999,61.97,40,20,11.5
497,Wawa,NG,2022-04-19 17:26:53,9.9022,4.4192,94.55,34,99,6.89
498,Orange,US,2022-04-19 17:24:20,33.7,-117.7675,74.28,58,40,5.75
499,Kualakapuas,ID,2022-04-19 17:26:53,-3.0091,114.3876,74.64,98,100,1.5
500,Atbasar,KZ,2022-04-19 17:26:54,51.8,68.3333,56.08,50,85,11.01
501,Katherine,AU,2022-04-19 17:26:54,-14.4667,132.2667,80.92,61,81,6.91
502,Cap Malheureux,MU,2022-04-19 17:26:54,-19.9842,57.6142,80.47,88,57,3.0
503,Thunder Bay,CA,2022-04-19 17:26:55,48.4001,-89.3168,37.29,53,40,9.22
504,Vuktyl,RU,2022-04-19 17:26:55,63.8567,57.3094,33.4,98,98,7.29
505,Rio Grande,BR,2022-04-19 17:26:55,-32.035,-52.0986,80.71,64,0,7.18
506,Atherton,GB,2022-04-19 17:26:55,53.5237,-2.4935,58.28,61,100,7.0
507,Nadym,RU,2022-04-19 17:26:56,65.5333,72.5167,27.34,96,100,8.28
508,Saldanha,ZA,2022-04-19 17:26:56,-33.0117,17.9442,68.02,47,2,9.86
509,Juneau,US,2022-04-19 17:23:12,58.3019,-134.4197,44.6,62,75,10.36
510,Isangel,VU,2022-04-19 17:27:56,-19.55,169.2667,77.61,86,53,6.91
511,Nouadhibou,MR,2022-04-19 17:27:57,20.931,-17.0347,71.58,68,88,20.71
512,Ziarat,PK,2022-04-19 17:27:57,30.3823,67.7282,57.99,37,89,1.86
513,Zverinogolovskoye,RU,2022-04-19 17:27:57,54.4586,64.8542,49.8,76,97,5.79
514,Nizwa,OM,2022-04-19 17:27:58,22.9333,57.5333,83.32,11,0,4.09
515,Waipawa,NZ,2022-04-19 17:27:58,-41.4122,175.5153,56.08,93,71,4.79
516,Tame,CO,2022-04-19 17:27:58,6.461,-71.73,94.68,33,82,4.72
517,Flin Flon,CA,2022-04-19 17:27:59,54.7682,-101.865,35.44,60,100,6.91
518,Vila Velha,BR,2022-04-19 17:27:59,-20.3297,-40.2925,82.35,71,40,18.41
519,Mareeba,AU,2022-04-19 17:27:59,-17.0,145.4333,70.52,91,57,2.35
520,Coihaique,CL,2022-04-19 17:28:00,-45.5752,-72.0662,54.21,50,40,8.05
521,Manuk Mangkaw,PH,2022-04-19 17:28:00,4.8,119.85,82.04,78,85,6.17
522,Williams Lake,CA,2022-04-19 17:26:41,52.1415,-122.1445,38.77,69,100,9.22
523,Kieta,PG,2022-04-19 17:28:00,-6.2167,155.6333,78.42,84,100,2.98
524,Bathsheba,BB,2022-04-19 17:28:01,13.2167,-59.5167,86.61,58,40,23.02
525,Ulety,RU,2022-04-19 17:28:01,51.3572,112.4849,37.8,59,100,9.73
526,Djibo,BF,2022-04-19 17:28:01,14.1022,-1.6306,101.28,7,75,5.68
527,Charters Towers,AU,2022-04-19 17:28:02,-20.1,146.2667,67.01,92,100,5.73
528,General Roca,AR,2022-04-19 17:26:04,-39.0333,-67.5833,70.63,25,88,12.68
529,The Valley,AI,2022-04-19 17:28:02,18.217,-63.0578,82.81,61,40,20.71
530,Saint-Pierre,RE,2022-04-19 17:28:02,-21.3393,55.4781,78.48,85,75,3.44
531,Varzea Grande,BR,2022-04-19 17:27:45,-15.6467,-56.1325,89.47,45,0,6.91
532,Miri,MY,2022-04-19 17:28:03,4.4148,114.0089,75.34,94,40,3.44
533,Taoudenni,ML,2022-04-19 17:28:03,22.6783,-3.9836,95.13,5,60,10.74
534,Hofn,IS,2022-04-19 17:28:03,64.2539,-15.2082,45.12,82,20,8.37
535,Altagracia De Orituco,VE,2022-04-19 17:28:03,9.8601,-66.3814,92.28,34,100,6.13
536,Necochea,AR,2022-04-19 17:27:01,-38.5473,-58.7368,72.18,51,75,11.63
537,Atambua,ID,2022-04-19 17:28:04,-9.1061,124.8925,72.97,87,49,3.56
538,Hohhot,CN,2022-04-19 17:28:04,40.8106,111.6522,37.69,52,0,4.47
539,Basco,PH,2022-04-19 17:28:04,20.4487,121.9702,77.67,74,94,18.68
540,Pangnirtung,CA,2022-04-19 17:28:05,66.1451,-65.7125,1.4,66,20,0.0
541,Zermatt,CH,2022-04-19 17:28:05,46.0213,7.7491,53.78,76,81,6.82
542,Namibe,AO,2022-04-19 17:28:05,-15.1961,12.1522,76.24,79,58,6.33
543,Kindu,CD,2022-04-19 17:28:06,-2.95,25.95,76.37,77,75,1.12
544,Chicama,PE,2022-04-19 17:28:06,-7.8447,-79.1469,63.14,60,70,9.8
545,Tianpeng,CN,2022-04-19 17:28:06,30.9866,103.9393,57.67,63,38,4.05
546,Aripuana,BR,2022-04-19 17:28:07,-9.1667,-60.6333,86.0,64,45,3.29
547,Santa Cruz,BO,2022-04-19 17:28:07,-17.8,-63.1667,86.05,45,40,12.66
548,Rundu,NA,2022-04-19 17:28:07,-17.9333,19.7667,70.25,37,94,7.31
549,Mogadishu,SO,2022-04-19 17:28:07,2.0371,45.3438,83.61,79,83,13.67
550,Durban,ZA,2022-04-19 17:28:08,-29.8579,31.0292,70.02,87,0,3.0
551,Quime,BO,2022-04-19 17:28:08,-16.9833,-67.2167,63.37,50,16,7.72
552,Evensk,RU,2022-04-19 17:28:08,61.95,159.2333,20.53,94,100,2.82
553,Kyren,RU,2022-04-19 17:28:09,51.6828,102.1408,30.58,84,100,5.84
554,Kinel-Cherkassy,RU,2022-04-19 17:28:09,53.4706,51.4743,58.68,66,100,6.58
555,Etaples,FR,2022-04-19 17:28:09,50.5219,1.6332,60.4,72,0,8.05
556,Mehran,IR,2022-04-19 17:28:10,33.1222,46.1646,85.24,10,100,5.35
557,Kuopio,FI,2022-04-19 17:25:33,62.8924,27.677,55.35,47,0,2.3
558,Genhe,CN,2022-04-19 17:29:10,50.7833,121.5167,42.13,84,99,4.05
